dataset,roc auc,precision,recall,F1 score
train,0.70588985377071,0.9264545751515372,1.0,0.961823431604829
test,0.5881195004836189,0.8107185974489528,1.0,0.8954661410018553
