age,episode_number,is_male
-1.068984650217961,-0.018064044747291726,-0.17849932623069037
