,age,episode_number,hospital_outcome
count,110204.0,110204.0,110204.0
mean,62.735254618707124,1.34937933287358,0.9264545751515372
std,24.126805712867924,0.7517985207617867,0.26103086716707674
min,0.0,1.0,0.0
25%,51.0,1.0,1.0
50%,68.0,1.0,1.0
75%,81.0,1.0,1.0
max,100.0,5.0,1.0
